"apd","cv","rp","wl"
 2.24853446775058273e+02, 7.26877002850877290e+01, 2.17163085937500000e+02, 1.57850853036097504e+02
