"apd","cv","rp","wl"
 2.09431612006558225e+02, 6.74419864068723598e+01, 1.96686401367187500e+02, 1.32649216074224995e+02
