"apd","cv","rp","wl"
 2.44787828115858247e+02, 7.99563013995063443e+01, 2.52767333984375000e+02, 2.02103411400043711e+02
