"ts","vs"
 2.25000000000000000e+03, 0.00000000000000000e+00
