"apd","cv","rp","wl"
 1.58453864571904433e+02, 0.00000000000000000e+00, nan, nan
