"apd","cv","rp","wl"
 4.77317398052607359e+02, 7.78015494973040092e+01, 4.12756347656250000e+02, 3.21130834125041531e+02
