"ts","vs"
 2.25000000000000000e+03, 1.39988765662437871e+01
