"apd","cv","rp","wl"
 1.36406244042796970e+02, 3.76714690658936746e+01, nan, nan
