"apd","cv","rp","wl"
 2.65717414534839918e+02, 7.99377512661155123e+01, 2.46582031250000000e+02, 1.97112130807560220e+02
