"apd","cv","rp","wl"
 1.36883391892775307e+02, 8.29573221819371156e+01, 1.52969970703125000e+02, 1.26899791437806215e+02
