"apd","cv","rp","wl"
 1.76234496725000554e+02, 7.96630537365937101e+01, 1.67454223632812500e+02, 1.33399148156803221e+02
