"apd","cv","rp","wl"
 2.03539160191117162e+02, 6.23670565829267858e+01, 1.95538330078125000e+02, 1.21951500961134371e+02
