"apd","cv","rp","wl"
 2.14186693628863623e+02, 6.77928445412123466e+01, 2.10524291992187500e+02, 1.42720405991751647e+02
