"apd","cv","rp","wl"
 2.14186693628843386e+02, 6.77928445412127729e+01, 2.10524291992187500e+02, 1.42720405991752529e+02
