"apd","cv","rp","wl"
 1.76968418471141604e+02, 7.49631679728345404e+01, 2.24216308593750000e+02, 1.68079648033621851e+02
