"apd","cv","rp","wl"
 2.59939095518671820e+02, 8.00915676414732332e+01, 2.73051757812500000e+02, 2.18691433304630124e+02
