"apd","cv","rp","wl"
 3.88082540359978339e+02, 8.00399094454916025e+01, 3.78715820312500000e+02, 3.03123799633875706e+02
