"apd","cv","rp","wl"
 3.19349509912659414e+02, 6.12840022054661944e+01, 5.78168945312500000e+02, 3.54325069196633137e+02
