"apd","cv","rp","wl"
 2.18879438297401748e+02, 7.43339802195974499e+01, 2.51838378906250000e+02, 1.87201490761526770e+02
