"apd","cv","rp","wl"
 3.21577824265672689e+02, 6.48385255994407856e+01, 5.44511718750000000e+02, 3.53053370153673768e+02
