"apd","cv","rp","wl"
 2.92612150540342554e+02, 8.00119191110902932e+01, 3.01516723632812500e+02, 2.41249317019495606e+02
