"apd","cv","rp","wl"
 3.42309840555535629e+01, 0.00000000000000000e+00, nan, nan
